<customapi uniquename="driv_RockPaperScissor">
  <allowedcustomprocessingsteptype>0</allowedcustomprocessingsteptype>
  <bindingtype>0</bindingtype>
  <description default="RockPaperScissor">
    <label description="RockPaperScissor" languagecode="1033" />
  </description>
  <displayname default="RockPaperScissor">
    <label description="RockPaperScissor" languagecode="1033" />
  </displayname>
  <iscustomizable>1</iscustomizable>
  <isfunction>0</isfunction>
  <isprivate>0</isprivate>
  <name>RockPaperScissor</name>
  <plugintypeid>
    <plugintypeid>76bfd0fe-a87e-4785-9ec1-9eb9363c1b1a</plugintypeid>
  </plugintypeid>
  <workflowsdkstepenabled>0</workflowsdkstepenabled>
</customapi>